Name,Team,Number,Position,Age,Height,Weight,College,Salary
Avery Bradley,Boston Celtics,0,PG,25,163.21,180,Texas,7730337.0
Jae Crowder,Boston Celtics,99,SF,25,156.3,235,Marquette,6796117.0
R.J. Hunter,Boston Celtics,28,SG,22,171.62,185,Georgia State,1148640.0
Jordan Mickey,Boston Celtics,55,PF,21,158.51,235,LSU,1170960.0
Kelly Olynyk,Boston Celtics,41,C,25,157.51,238,Gonzaga,2165160.0
Terry Rozier,Boston Celtics,12,PG,22,176.68,190,Louisville,1824360.0
Marcus Smart,Boston Celtics,36,PG,22,177.87,220,Oklahoma State,3431040.0
Jared Sullinger,Boston Celtics,7,C,24,179.07,260,Ohio State,2569260.0
Isaiah Thomas,Boston Celtics,4,PG,27,171.19,185,Washington,6912869.0
Evan Turner,Boston Celtics,11,SG,27,151.47,220,Ohio State,3425510.0
James Young,Boston Celtics,13,SG,20,155.92,215,Kentucky,1749840.0
Tyler Zeller,Boston Celtics,44,C,26,178.35,253,North Carolina,2616975.0
Markel Brown,Brooklyn Nets,22,SG,24,159.97,190,Oklahoma State,845059.0
Wayne Ellington,Brooklyn Nets,21,SG,28,160.25,200,North Carolina,1500000.0
Rondae Hollis-Jefferson,Brooklyn Nets,24,SG,21,154.62,220,Arizona,1335480.0
Jarrett Jack,Brooklyn Nets,2,PG,32,163.72,200,Georgia Tech,6300000.0
Sean Kilpatrick,Brooklyn Nets,6,SG,26,158.51,219,Cincinnati,134215.0
Shane Larkin,Brooklyn Nets,0,PG,23,155.87,175,Miami (FL),1500000.0
Brook Lopez,Brooklyn Nets,11,C,28,172.38,275,Stanford,19689000.0
Chris McCullough,Brooklyn Nets,1,PF,21,153.48,200,Syracuse,1140240.0
Willie Reed,Brooklyn Nets,33,PF,26,151.61,220,Saint Louis,947276.0
Thomas Robinson,Brooklyn Nets,41,PF,25,179.97,237,Kansas,981348.0
Henry Sims,Brooklyn Nets,14,C,26,165.12,248,Georgetown,947276.0
Donald Sloan,Brooklyn Nets,15,PG,28,167.54,205,Texas A&M,947276.0
Thaddeus Young,Brooklyn Nets,30,PF,27,154.93,221,Georgia Tech,11235955.0
Arron Afflalo,New York Knicks,4,SG,30,161.63,210,UCLA,8000000.0
Lou Amundson,New York Knicks,17,PF,33,177.49,220,UNLV,1635476.0
Carmelo Anthony,New York Knicks,7,SF,32,167.87,240,Syracuse,22875000.0
Cleanthony Early,New York Knicks,11,SF,25,177.18,210,Wichita State,845059.0
Langston Galloway,New York Knicks,2,SG,24,173.69,200,Saint Joseph's,845059.0
Jerian Grant,New York Knicks,13,PG,23,177.51,195,Notre Dame,1572360.0
Robin Lopez,New York Knicks,8,C,28,173.3,255,Stanford,12650000.0
Kyle O'Quinn,New York Knicks,9,PF,26,164.43,250,Norfolk State,3750000.0
Lance Thomas,New York Knicks,42,SF,28,150.47,235,Duke,1636842.0
Derrick Williams,New York Knicks,23,PF,25,167.51,240,Arizona,4000000.0
Tony Wroten,New York Knicks,5,SG,23,157.23,205,Washington,167406.0
Isaiah Canaan,Philadelphia 76ers,0,PG,25,156.09,201,Murray State,947276.0
Robert Covington,Philadelphia 76ers,33,SF,25,177.97,215,Tennessee State,1000000.0
Joel Embiid,Philadelphia 76ers,21,C,22,163.16,250,Kansas,4626960.0
Jerami Grant,Philadelphia 76ers,39,SF,22,165.39,210,Syracuse,845059.0
Richaun Holmes,Philadelphia 76ers,22,PF,22,176.57,245,Bowling Green,1074169.0
Carl Landry,Philadelphia 76ers,7,PF,32,160.79,248,Purdue,6500000.0
Kendall Marshall,Philadelphia 76ers,5,PG,24,174.91,200,North Carolina,2144772.0
T.J. McConnell,Philadelphia 76ers,12,PG,24,170.74,200,Arizona,525093.0
Nerlens Noel,Philadelphia 76ers,4,PF,22,160.57,228,Kentucky,3457800.0
Jahlil Okafor,Philadelphia 76ers,8,C,20,172.42,275,Duke,4582680.0
Ish Smith,Philadelphia 76ers,1,PG,27,164.93,175,Wake Forest,947276.0
Nik Stauskas,Philadelphia 76ers,11,SG,22,156.21,205,Michigan,2869440.0
Hollis Thompson,Philadelphia 76ers,31,SG,25,178.49,206,Georgetown,947276.0
Christian Wood,Philadelphia 76ers,35,PF,20,167.29,220,UNLV,525093.0
DeMarre Carroll,Toronto Raptors,5,SF,29,165.43,212,Missouri,13600000.0
DeMar DeRozan,Toronto Raptors,10,SG,26,153.09,220,USC,10050000.0
James Johnson,Toronto Raptors,3,PF,29,158.42,250,Wake Forest,2500000.0
Cory Joseph,Toronto Raptors,6,PG,24,158.05,190,Texas,7000000.0
Kyle Lowry,Toronto Raptors,7,PG,30,150.25,205,Villanova,12000000.0
Patrick Patterson,Toronto Raptors,54,PF,27,167.79,235,Kentucky,6268675.0
Norman Powell,Toronto Raptors,24,SG,23,173.06,215,UCLA,650000.0
Terrence Ross,Toronto Raptors,31,SF,25,159.03,195,Washington,3553917.0
Jason Thompson,Toronto Raptors,1,PF,29,157.49,250,Rider,245177.0
Delon Wright,Toronto Raptors,55,PG,24,177.37,190,Utah,1509360.0
Harrison Barnes,Golden State Warriors,40,SF,24,168.4,225,North Carolina,3873398.0
Andrew Bogut,Golden State Warriors,12,C,31,171.05,260,Utah,13800000.0
Ian Clark,Golden State Warriors,21,SG,25,160.3,175,Belmont,947276.0
Stephen Curry,Golden State Warriors,30,PG,28,174.2,190,Davidson,11370786.0
Festus Ezeli,Golden State Warriors,31,C,26,154.39,265,Vanderbilt,2008748.0
Draymond Green,Golden State Warriors,23,PF,26,172.13,230,Michigan State,14260870.0
Andre Iguodala,Golden State Warriors,9,SF,32,169.21,215,Arizona,11710456.0
Kevon Looney,Golden State Warriors,36,SF,20,154.71,220,UCLA,1131960.0
James Michael McAdoo,Golden State Warriors,20,SF,23,161.12,240,North Carolina,845059.0
Brandon Rush,Golden State Warriors,4,SF,30,172.65,220,Kansas,1270964.0
Marreese Speights,Golden State Warriors,5,C,28,174.87,255,Florida,3815000.0
Klay Thompson,Golden State Warriors,11,SG,26,173.62,215,Washington State,15501000.0
Cole Aldrich,Los Angeles Clippers,45,C,27,154.61,250,Kansas,1100602.0
Jeff Ayres,Los Angeles Clippers,19,PF,29,175.26,250,Arizona State,111444.0
Jamal Crawford,Los Angeles Clippers,11,SG,36,158.82,195,Michigan,5675000.0
Branden Dawson,Los Angeles Clippers,22,SF,23,172.12,225,Michigan State,525093.0
Jeff Green,Los Angeles Clippers,8,SF,29,159.9,235,Georgetown,9650000.0
Blake Griffin,Los Angeles Clippers,32,PF,27,172.47,251,Oklahoma,18907726.0
Wesley Johnson,Los Angeles Clippers,33,SF,28,157.9,215,Syracuse,1100602.0
DeAndre Jordan,Los Angeles Clippers,6,C,27,173.03,265,Texas A&M,19689000.0
Luc Richard Mbah a Moute,Los Angeles Clippers,12,PF,29,169.51,230,UCLA,947276.0
Chris Paul,Los Angeles Clippers,3,PG,31,176.32,175,Wake Forest,21468695.0
Paul Pierce,Los Angeles Clippers,34,SF,38,150.31,235,Kansas,3376000.0
JJ Redick,Los Angeles Clippers,4,SG,31,170.36,190,Duke,7085000.0
Austin Rivers,Los Angeles Clippers,25,PG,23,178.56,200,Duke,3110796.0
C.J. Wilcox,Los Angeles Clippers,30,SG,25,178.71,195,Washington,1159680.0
Brandon Bass,Los Angeles Lakers,2,PF,31,178.48,250,LSU,3000000.0
Tarik Black,Los Angeles Lakers,28,C,24,171.82,250,Kansas,845059.0
Anthony Brown,Los Angeles Lakers,3,SF,23,170.33,210,Stanford,700000.0
Jordan Clarkson,Los Angeles Lakers,6,PG,24,176.22,194,Missouri,845059.0
Roy Hibbert,Los Angeles Lakers,17,C,29,167.05,270,Georgetown,15592217.0
Ryan Kelly,Los Angeles Lakers,4,PF,25,158.75,230,Duke,1724250.0
Larry Nance Jr.,Los Angeles Lakers,7,PF,23,166.95,230,Wyoming,1155600.0
Julius Randle,Los Angeles Lakers,30,PF,21,150.64,250,Kentucky,3132240.0
D'Angelo Russell,Los Angeles Lakers,1,PG,20,160.73,195,Ohio State,5103120.0
Robert Sacre,Los Angeles Lakers,50,C,27,151.57,270,Gonzaga,981348.0
Metta World Peace,Los Angeles Lakers,37,SF,36,163.77,260,St. John's,947276.0
Nick Young,Los Angeles Lakers,0,SF,31,177.84,210,USC,5219169.0
Eric Bledsoe,Phoenix Suns,2,PG,26,165.1,190,Kentucky,13500000.0
Devin Booker,Phoenix Suns,1,SG,19,150.72,206,Kentucky,2127840.0
Chase Budinger,Phoenix Suns,10,SF,28,164.84,209,Arizona,206192.0
Archie Goodwin,Phoenix Suns,20,SG,21,178.84,200,Kentucky,1160160.0
John Jenkins,Phoenix Suns,23,SG,25,166.61,215,Vanderbilt,981348.0
Brandon Knight,Phoenix Suns,3,PG,24,167.67,189,Kentucky,13500000.0
Alex Len,Phoenix Suns,21,C,22,177.27,260,Maryland,3807120.0
Jon Leuer,Phoenix Suns,30,PF,27,177.42,228,Wisconsin,1035000.0
Phil Pressey,Phoenix Suns,25,PG,25,168.47,175,Missouri,55722.0
Ronnie Price,Phoenix Suns,14,PG,32,174.48,190,Utah Valley,947276.0
P.J. Tucker,Phoenix Suns,17,SF,31,156.04,245,Texas,5500000.0
T.J. Warren,Phoenix Suns,12,SF,22,153.99,230,North Carolina State,2041080.0
Alan Williams,Phoenix Suns,15,C,23,170.43,260,UC Santa Barbara,83397.0
Quincy Acy,Sacramento Kings,13,SF,25,168.3,240,Baylor,981348.0
James Anderson,Sacramento Kings,5,SG,27,169.2,213,Oklahoma State,1015421.0
Caron Butler,Sacramento Kings,31,SF,36,177.42,228,Connecticut,1449187.0
Willie Cauley-Stein,Sacramento Kings,0,C,22,151.57,240,Kentucky,3398280.0
Darren Collison,Sacramento Kings,7,PG,28,153.72,175,UCLA,5013559.0
DeMarcus Cousins,Sacramento Kings,15,C,25,174.88,270,Kentucky,15851950.0
Seth Curry,Sacramento Kings,30,SG,25,153.54,185,Duke,947276.0
Duje Dukan,Sacramento Kings,26,PF,24,176.24,220,Wisconsin,525093.0
Rudy Gay,Sacramento Kings,8,SF,29,179.03,230,Connecticut,12403101.0
Kosta Koufos,Sacramento Kings,41,C,27,170.78,265,Ohio State,7700000.0
Ben McLemore,Sacramento Kings,23,SG,23,162.62,195,Kansas,3156600.0
Eric Moreland,Sacramento Kings,25,PF,24,157.8,238,Oregon State,845059.0
Rajon Rondo,Sacramento Kings,9,PG,30,155.29,186,Kentucky,9500000.0
Cameron Bairstow,Chicago Bulls,41,PF,25,168.95,250,New Mexico,845059.0
Aaron Brooks,Chicago Bulls,0,PG,31,154.89,161,Oregon,2250000.0
Jimmy Butler,Chicago Bulls,21,SG,26,167.5,220,Marquette,16407500.0
Mike Dunleavy,Chicago Bulls,34,SG,35,172.95,230,Duke,4500000.0
Taj Gibson,Chicago Bulls,22,PF,30,158.27,225,USC,8500000.0
Justin Holiday,Chicago Bulls,7,SG,27,171.75,185,Washington,947276.0
Doug McDermott,Chicago Bulls,3,SF,24,161.67,225,Creighton,2380440.0
E'Twaun Moore,Chicago Bulls,55,SG,27,153.32,191,Purdue,1015421.0
Joakim Noah,Chicago Bulls,13,C,31,159.7,232,Florida,13400000.0
Bobby Portis,Chicago Bulls,5,PF,21,171.18,230,Arkansas,1391160.0
Derrick Rose,Chicago Bulls,1,PG,27,179.42,190,Memphis,20093064.0
Tony Snell,Chicago Bulls,20,SF,24,168.51,200,New Mexico,1535880.0
Matthew Dellavedova,Cleveland Cavaliers,8,PG,25,167.18,198,Saint Mary's,1147276.0
Channing Frye,Cleveland Cavaliers,9,PF,33,152.07,255,Arizona,8193029.0
Kyrie Irving,Cleveland Cavaliers,2,PG,24,171.11,193,Duke,16407501.0
Richard Jefferson,Cleveland Cavaliers,24,SF,35,150.5,233,Arizona,947276.0
James Jones,Cleveland Cavaliers,1,SG,35,150.3,218,Miami (FL),947276.0
Sasha Kaun,Cleveland Cavaliers,14,C,31,156.67,260,Kansas,1276000.0
Kevin Love,Cleveland Cavaliers,0,PF,27,157.26,251,UCLA,19689000.0
Jordan McRae,Cleveland Cavaliers,12,SG,25,152.08,179,Tennessee,111196.0
Iman Shumpert,Cleveland Cavaliers,4,SG,25,155.01,220,Georgia Tech,8988765.0
Tristan Thompson,Cleveland Cavaliers,13,C,25,174.09,238,Texas,14260870.0
Mo Williams,Cleveland Cavaliers,52,PG,33,177.77,198,Alabama,2100000.0
Joel Anthony,Detroit Pistons,50,C,33,172.25,245,UNLV,2500000.0
Aron Baynes,Detroit Pistons,12,C,29,177.44,260,Washington State,6500000.0
Steve Blake,Detroit Pistons,22,PG,36,161.49,172,Maryland,2170465.0
Lorenzo Brown,Detroit Pistons,17,PG,25,161.4,189,North Carolina State,111444.0
Reggie Bullock,Detroit Pistons,25,SF,25,159.44,205,North Carolina,1252440.0
Kentavious Caldwell-Pope,Detroit Pistons,5,SG,23,173.41,205,Georgia,2891760.0
Spencer Dinwiddie,Detroit Pistons,8,PG,23,167.31,200,Colorado,845059.0
Andre Drummond,Detroit Pistons,0,C,22,172.52,279,Connecticut,3272091.0
Tobias Harris,Detroit Pistons,34,SF,23,167.57,235,Tennessee,16000000.0
Darrun Hilliard,Detroit Pistons,6,SF,23,155.48,205,Villanova,600000.0
Reggie Jackson,Detroit Pistons,1,PG,26,161.6,208,Boston College,13913044.0
Stanley Johnson,Detroit Pistons,3,SF,20,161.8,245,Arizona,2841960.0
Jodie Meeks,Detroit Pistons,20,SG,28,170.75,210,Kentucky,6270000.0
Marcus Morris,Detroit Pistons,13,PF,26,158.58,235,Kansas,5000000.0
Anthony Tolliver,Detroit Pistons,43,PF,31,171.4,240,Creighton,3000000.0
Lavoy Allen,Indiana Pacers,5,PF,27,164.9,255,Temple,4050000.0
Rakeem Christmas,Indiana Pacers,25,PF,24,162.37,250,Syracuse,1007026.0
Paul George,Indiana Pacers,13,SF,26,165.59,220,Fresno State,17120106.0
George Hill,Indiana Pacers,3,PG,30,156.81,188,IUPUI,8000000.0
Jordan Hill,Indiana Pacers,27,C,28,162.07,235,Arizona,4000000.0
Solomon Hill,Indiana Pacers,44,SF,25,159.62,225,Arizona,1358880.0
Ty Lawson,Indiana Pacers,10,PG,28,152.13,195,North Carolina,211744.0
Glenn Robinson III,Indiana Pacers,40,SG,22,175.86,222,Michigan,1100000.0
Rodney Stuckey,Indiana Pacers,2,PG,30,157.52,205,Eastern Washington,7000000.0
Myles Turner,Indiana Pacers,33,PF,20,157.0,243,Texas,2357760.0
Shayne Whittington,Indiana Pacers,42,PF,25,168.14,250,Western Michigan,845059.0
Joe Young,Indiana Pacers,1,PG,23,167.34,180,Oregon,1007026.0
Jerryd Bayless,Milwaukee Bucks,19,PG,27,152.61,200,Arizona,3000000.0
Michael Carter-Williams,Milwaukee Bucks,5,PG,24,165.52,190,Syracuse,2399040.0
Jared Cunningham,Milwaukee Bucks,9,SG,25,160.81,195,Oregon State,947276.0
Tyler Ennis,Milwaukee Bucks,11,PG,21,167.31,194,Syracuse,1662360.0
John Henson,Milwaukee Bucks,31,PF,25,169.81,229,North Carolina,2943221.0
O.J. Mayo,Milwaukee Bucks,3,SG,28,169.06,210,USC,8000000.0
Khris Middleton,Milwaukee Bucks,22,SG,24,155.21,234,Texas A&M,14700000.0
Greg Monroe,Milwaukee Bucks,15,C,26,160.9,265,Georgetown,16407500.0
Steve Novak,Milwaukee Bucks,6,SF,32,174.59,225,Marquette,295327.0
Johnny O'Bryant III,Milwaukee Bucks,77,PF,23,178.26,257,LSU,845059.0
Jabari Parker,Milwaukee Bucks,12,PF,21,158.94,250,Duke,5152440.0
Miles Plumlee,Milwaukee Bucks,18,C,27,156.69,249,Duke,2109294.0
Greivis Vasquez,Milwaukee Bucks,21,PG,29,172.37,217,Maryland,6600000.0
Rashad Vaughn,Milwaukee Bucks,20,SG,19,173.74,202,UNLV,1733040.0
Justin Anderson,Dallas Mavericks,1,SG,22,176.37,228,Virginia,1449000.0
J.J. Barea,Dallas Mavericks,5,PG,31,164.63,185,Northeastern,4290000.0
Jeremy Evans,Dallas Mavericks,21,SF,28,178.86,200,Western Kentucky,1100602.0
Raymond Felton,Dallas Mavericks,2,PG,31,178.43,205,North Carolina,3950313.0
Devin Harris,Dallas Mavericks,34,PG,33,163.1,185,Wisconsin,4053446.0
David Lee,Dallas Mavericks,42,PF,33,151.49,245,Florida,2085671.0
Wesley Matthews,Dallas Mavericks,23,SG,29,178.46,220,Marquette,16407500.0
JaVale McGee,Dallas Mavericks,11,C,28,154.02,270,Nevada,1270964.0
Chandler Parsons,Dallas Mavericks,25,SF,27,159.8,230,Florida,15361500.0
Dwight Powell,Dallas Mavericks,7,PF,24,157.82,240,Stanford,845059.0
Charlie Villanueva,Dallas Mavericks,3,PF,31,172.08,232,Connecticut,947276.0
Deron Williams,Dallas Mavericks,8,PG,31,167.74,200,Illinois,5378974.0
Trevor Ariza,Houston Rockets,1,SF,30,152.29,215,UCLA,8193030.0
Michael Beasley,Houston Rockets,8,SF,27,152.66,235,Kansas State,306527.0
Patrick Beverley,Houston Rockets,2,PG,27,175.72,185,Arkansas,6486486.0
Corey Brewer,Houston Rockets,33,SG,30,150.45,186,Florida,8229375.0
Sam Dekker,Houston Rockets,7,SF,22,171.19,230,Wisconsin,1646400.0
Andrew Goudelock,Houston Rockets,0,PG,27,151.66,200,Charleston,200600.0
James Harden,Houston Rockets,13,SG,26,162.22,220,Arizona State,15756438.0
Montrezl Harrell,Houston Rockets,35,PF,22,156.5,240,Louisville,1000000.0
Terrence Jones,Houston Rockets,6,PF,24,172.84,252,Kentucky,2489530.0
K.J. McDaniels,Houston Rockets,32,SG,23,169.38,205,Clemson,3189794.0
Jason Terry,Houston Rockets,31,SG,38,179.84,185,Arizona,947276.0
Jordan Adams,Memphis Grizzlies,3,SG,21,163.55,209,UCLA,1404600.0
Tony Allen,Memphis Grizzlies,9,SG,34,161.18,213,Oklahoma State,5158539.0
Chris Andersen,Memphis Grizzlies,7,PF,37,152.41,245,Blinn College,5000000.0
Matt Barnes,Memphis Grizzlies,22,SF,36,156.7,226,UCLA,3542500.0
Vince Carter,Memphis Grizzlies,15,SG,39,166.23,220,North Carolina,4088019.0
Mike Conley,Memphis Grizzlies,11,PG,28,176.28,175,Ohio State,9588426.0
Bryce Cotton,Memphis Grizzlies,8,PG,23,174.55,165,Providence,700902.0
JaMychal Green,Memphis Grizzlies,0,PF,25,153.09,227,Alabama,845059.0
P.J. Hairston,Memphis Grizzlies,19,SF,23,165.46,230,North Carolina,1201440.0
Jarell Martin,Memphis Grizzlies,10,PF,22,151.79,239,LSU,1230840.0
Zach Randolph,Memphis Grizzlies,50,PF,34,167.54,260,Michigan State,9638555.0
Lance Stephenson,Memphis Grizzlies,1,SF,25,166.72,230,Cincinnati,9000000.0
Brandan Wright,Memphis Grizzlies,34,PF,28,152.43,210,North Carolina,5464000.0
Ryan Anderson,New Orleans Pelicans,33,PF,28,155.27,240,California,8500000.0
Luke Babbitt,New Orleans Pelicans,8,SF,26,167.97,225,Nevada,1100602.0
Norris Cole,New Orleans Pelicans,30,PG,27,179.78,175,Cleveland State,3036927.0
Dante Cunningham,New Orleans Pelicans,44,PF,29,173.98,230,Villanova,2850000.0
Anthony Davis,New Orleans Pelicans,23,PF,23,179.07,253,Kentucky,7070730.0
Bryce Dejean-Jones,New Orleans Pelicans,31,SG,23,173.09,203,Iowa State,169883.0
Toney Douglas,New Orleans Pelicans,16,PG,30,161.03,195,Florida State,1164858.0
James Ennis,New Orleans Pelicans,4,SF,25,152.57,210,Long Beach State,845059.0
Tyreke Evans,New Orleans Pelicans,1,SG,26,159.53,220,Memphis,10734586.0
Tim Frazier,New Orleans Pelicans,2,PG,25,178.07,170,Penn State,845059.0
Alonzo Gee,New Orleans Pelicans,15,SF,29,178.55,225,Alabama,1320000.0
Eric Gordon,New Orleans Pelicans,10,SG,27,160.81,215,Indiana,15514031.0
Jordan Hamilton,New Orleans Pelicans,25,SG,25,153.29,220,Texas,1015421.0
Jrue Holiday,New Orleans Pelicans,11,PG,25,170.31,205,UCLA,10595507.0
Orlando Johnson,New Orleans Pelicans,0,SG,27,152.89,220,UC Santa Barbara,55722.0
Quincy Pondexter,New Orleans Pelicans,20,SF,28,160.14,220,Washington,3382023.0
LaMarcus Aldridge,San Antonio Spurs,12,PF,30,164.77,240,Texas,19689000.0
Kyle Anderson,San Antonio Spurs,1,SF,22,160.7,230,UCLA,1142880.0
Matt Bonner,San Antonio Spurs,15,C,36,150.8,235,Florida,947276.0
Tim Duncan,San Antonio Spurs,21,C,40,176.53,250,Wake Forest,5250000.0
Danny Green,San Antonio Spurs,14,SG,28,174.8,215,North Carolina,10000000.0
Kawhi Leonard,San Antonio Spurs,2,SF,24,163.76,230,San Diego State,16407500.0
Kevin Martin,San Antonio Spurs,23,SG,33,155.14,199,Western Carolina,200600.0
Andre Miller,San Antonio Spurs,24,PG,40,152.63,200,Utah,250750.0
Patty Mills,San Antonio Spurs,8,PG,27,177.76,185,Saint Mary's,3578947.0
Jonathon Simmons,San Antonio Spurs,17,SG,26,156.43,195,Houston,525093.0
David West,San Antonio Spurs,30,PF,35,154.72,250,Xavier,1499187.0
Kent Bazemore,Atlanta Hawks,24,SF,26,174.63,201,Old Dominion,2000000.0
Tim Hardaway Jr.,Atlanta Hawks,10,SG,24,164.64,205,Michigan,1304520.0
Kirk Hinrich,Atlanta Hawks,12,SG,35,167.42,190,Kansas,2854940.0
Al Horford,Atlanta Hawks,15,C,30,162.07,245,Florida,12000000.0
Kris Humphries,Atlanta Hawks,43,PF,31,158.31,235,Minnesota,1000000.0
Kyle Korver,Atlanta Hawks,26,SG,35,160.53,212,Creighton,5746479.0
Paul Millsap,Atlanta Hawks,4,PF,31,172.72,246,Louisiana Tech,18671659.0
Mike Muscala,Atlanta Hawks,31,PF,24,177.36,240,Bucknell,947276.0
Lamar Patterson,Atlanta Hawks,13,SG,24,167.0,225,Pittsburgh,525093.0
Mike Scott,Atlanta Hawks,32,PF,27,162.55,237,Virginia,3333333.0
Jeff Teague,Atlanta Hawks,0,PG,27,153.97,186,Wake Forest,8000000.0
Troy Daniels,Charlotte Hornets,30,SG,24,171.24,205,Virginia Commonwealth,947276.0
Jorge Gutierrez,Charlotte Hornets,12,PG,27,154.8,189,California,189455.0
Tyler Hansbrough,Charlotte Hornets,50,PF,30,159.48,250,North Carolina,947276.0
Aaron Harrison,Charlotte Hornets,9,SG,21,173.86,210,Kentucky,525093.0
Spencer Hawes,Charlotte Hornets,0,PF,28,169.05,245,Washington,6110034.0
Frank Kaminsky III,Charlotte Hornets,44,C,23,150.13,240,Wisconsin,2612520.0
Michael Kidd-Gilchrist,Charlotte Hornets,14,SF,22,168.36,232,Kentucky,6331404.0
Jeremy Lamb,Charlotte Hornets,3,SG,24,163.04,185,Connecticut,3034356.0
Courtney Lee,Charlotte Hornets,1,SG,30,179.25,200,Western Kentucky,5675000.0
Jeremy Lin,Charlotte Hornets,7,PG,27,158.62,200,Harvard,2139000.0
Kemba Walker,Charlotte Hornets,15,PG,26,172.68,184,Connecticut,12000000.0
Marvin Williams,Charlotte Hornets,2,PF,29,175.94,237,North Carolina,7000000.0
Cody Zeller,Charlotte Hornets,40,C,23,172.57,240,Indiana,4204200.0
Chris Bosh,Miami Heat,1,PF,32,150.47,235,Georgia Tech,22192730.0
Luol Deng,Miami Heat,9,SF,31,176.88,220,Duke,10151612.0
Udonis Haslem,Miami Heat,40,PF,36,153.34,235,Florida,2854940.0
Joe Johnson,Miami Heat,2,SF,34,178.99,240,Arkansas,261894.0
Tyler Johnson,Miami Heat,8,SG,24,159.96,186,Fresno State,845059.0
Josh McRoberts,Miami Heat,4,PF,29,163.86,240,Duke,5543725.0
Josh Richardson,Miami Heat,0,SG,22,170.83,200,Tennessee,525093.0
Dwyane Wade,Miami Heat,3,SG,34,160.36,220,Marquette,20000000.0
Hassan Whiteside,Miami Heat,21,C,26,172.9,265,Marshall,981348.0
Justise Winslow,Miami Heat,20,SF,20,155.33,225,Duke,2481720.0
Dewayne Dedmon,Orlando Magic,3,C,26,163.93,245,USC,947276.0
Aaron Gordon,Orlando Magic,0,PF,20,179.14,220,Arizona,4171680.0
Devyn Marble,Orlando Magic,11,SF,23,160.81,200,Iowa,845059.0
Shabazz Napier,Orlando Magic,13,PG,24,166.86,175,Connecticut,1294440.0
Andrew Nicholson,Orlando Magic,44,PF,26,150.48,250,St. Bonaventure,2380593.0
Victor Oladipo,Orlando Magic,5,SG,24,166.61,210,Indiana,5192520.0
Elfrid Payton,Orlando Magic,4,PG,22,153.16,185,Louisiana-Lafayette,2505720.0
Jason Smith,Orlando Magic,14,PF,30,166.44,240,Colorado State,4300000.0
Nikola Vucevic,Orlando Magic,9,C,25,154.14,260,USC,11250000.0
C.J. Watson,Orlando Magic,32,PG,32,169.38,175,Tennessee,5000000.0
Alan Anderson,Washington Wizards,6,SG,33,156.94,220,Michigan State,4000000.0
Bradley Beal,Washington Wizards,3,SG,22,179.43,207,Florida,5694674.0
Jared Dudley,Washington Wizards,1,SF,30,171.8,225,Boston College,4375000.0
Jarell Eddie,Washington Wizards,8,SG,24,174.26,218,Virginia Tech,561716.0
Drew Gooden,Washington Wizards,90,PF,34,173.75,250,Kansas,3300000.0
JJ Hickson,Washington Wizards,21,C,27,166.09,242,North Carolina State,273038.0
Markieff Morris,Washington Wizards,5,PF,26,155.65,245,Kansas,8000000.0
Kelly Oubre Jr.,Washington Wizards,12,SF,20,166.19,205,Kansas,1920240.0
Otto Porter Jr.,Washington Wizards,22,SF,23,171.61,198,Georgetown,4662960.0
Ramon Sessions,Washington Wizards,7,PG,30,166.64,190,Nevada,2170465.0
Garrett Temple,Washington Wizards,17,SG,30,150.61,195,LSU,1100602.0
Marcus Thornton,Washington Wizards,15,SF,29,172.72,205,LSU,200600.0
John Wall,Washington Wizards,2,PG,25,156.62,195,Kentucky,15851950.0
Darrell Arthur,Denver Nuggets,0,PF,28,165.26,235,Kansas,2814000.0
D.J. Augustin,Denver Nuggets,12,PG,28,175.88,183,Texas,3000000.0
Will Barton,Denver Nuggets,5,SF,25,168.48,175,Memphis,3533333.0
Wilson Chandler,Denver Nuggets,21,SF,29,165.77,225,DePaul,10449438.0
Kenneth Faried,Denver Nuggets,35,PF,26,152.5,228,Morehead State,11235955.0
Gary Harris,Denver Nuggets,14,SG,21,160.84,210,Michigan State,1584480.0
Mike Miller,Denver Nuggets,3,SG,36,167.14,218,Florida,947276.0
Jameer Nelson,Denver Nuggets,1,PG,34,172.29,190,Saint Joseph's,4345000.0
JaKarr Sampson,Denver Nuggets,9,SG,23,167.03,214,St. John's,258489.0
Gorgui Dieng,Minnesota Timberwolves,5,C,26,171.16,241,Louisville,1474440.0
Tyus Jones,Minnesota Timberwolves,1,PG,20,152.73,195,Duke,1282080.0
Zach LaVine,Minnesota Timberwolves,8,PG,21,163.52,189,UCLA,2148360.0
Shabazz Muhammad,Minnesota Timberwolves,15,SF,23,168.5,223,UCLA,2056920.0
Adreian Payne,Minnesota Timberwolves,33,PF,25,155.74,237,Michigan State,1938840.0
Tayshaun Prince,Minnesota Timberwolves,12,SF,36,154.24,212,Kentucky,947276.0
Karl-Anthony Towns,Minnesota Timberwolves,32,C,20,169.87,244,Kentucky,5703600.0
Andrew Wiggins,Minnesota Timberwolves,22,SG,21,166.34,199,Kansas,5758680.0
Steven Adams,Oklahoma City Thunder,12,C,22,158.05,255,Pittsburgh,2279040.0
Nick Collison,Oklahoma City Thunder,4,PF,35,159.58,255,Kansas,3750000.0
Kevin Durant,Oklahoma City Thunder,35,SF,27,172.04,240,Texas,20158622.0
Randy Foye,Oklahoma City Thunder,6,SG,32,173.25,213,Villanova,3135000.0
Josh Huestis,Oklahoma City Thunder,34,SF,24,171.52,230,Stanford,1140240.0
Enes Kanter,Oklahoma City Thunder,11,C,24,156.94,245,Kentucky,16407500.0
Mitch McGary,Oklahoma City Thunder,33,PF,24,159.44,255,Michigan,1463040.0
Nazr Mohammed,Oklahoma City Thunder,13,C,38,173.93,250,Kentucky,222888.0
Anthony Morrow,Oklahoma City Thunder,2,SG,30,172.39,210,Georgia Tech,3344000.0
Cameron Payne,Oklahoma City Thunder,22,PG,21,166.82,185,Murray State,2021520.0
Andre Roberson,Oklahoma City Thunder,21,SG,24,157.07,210,Colorado,1210800.0
Kyle Singler,Oklahoma City Thunder,5,SF,28,168.78,228,Duke,4500000.0
Dion Waiters,Oklahoma City Thunder,3,SG,24,166.23,220,Syracuse,5138430.0
Russell Westbrook,Oklahoma City Thunder,0,PG,27,175.83,200,UCLA,16744218.0
Cliff Alexander,Portland Trail Blazers,34,PF,20,173.62,240,Kansas,525093.0
Al-Farouq Aminu,Portland Trail Blazers,8,SF,25,169.12,215,Wake Forest,8042895.0
Pat Connaughton,Portland Trail Blazers,5,SG,23,150.27,206,Notre Dame,625093.0
Allen Crabbe,Portland Trail Blazers,23,SG,24,176.38,210,California,947276.0
Ed Davis,Portland Trail Blazers,17,C,27,174.55,240,North Carolina,6980802.0
Maurice Harkless,Portland Trail Blazers,4,SF,23,169.83,215,St. John's,2894059.0
Gerald Henderson,Portland Trail Blazers,9,SG,28,156.49,215,Duke,6000000.0
Chris Kaman,Portland Trail Blazers,35,C,34,176.96,265,Central Michigan,5016000.0
Meyers Leonard,Portland Trail Blazers,11,PF,24,157.49,245,Illinois,3075880.0
Damian Lillard,Portland Trail Blazers,0,PG,25,155.95,195,Weber State,4236287.0
C.J. McCollum,Portland Trail Blazers,3,SG,24,170.35,200,Lehigh,2525160.0
Luis Montero,Portland Trail Blazers,44,SG,23,151.79,185,Westchester CC,525093.0
Mason Plumlee,Portland Trail Blazers,24,C,26,155.95,235,Duke,1415520.0
Brian Roberts,Portland Trail Blazers,2,PG,30,151.41,173,Dayton,2854940.0
Noah Vonleh,Portland Trail Blazers,21,PF,20,173.85,240,Indiana,2637720.0
Trevor Booker,Utah Jazz,33,PF,28,155.38,228,Clemson,4775000.0
Trey Burke,Utah Jazz,3,PG,23,157.24,191,Michigan,2658240.0
Alec Burks,Utah Jazz,10,SG,24,162.53,214,Colorado,9463484.0
Derrick Favors,Utah Jazz,15,PF,24,173.02,265,Georgia Tech,12000000.0
Gordon Hayward,Utah Jazz,20,SF,26,154.8,226,Butler,15409570.0
Rodney Hood,Utah Jazz,5,SG,23,174.63,206,Duke,1348440.0
Chris Johnson,Utah Jazz,23,SF,26,160.1,206,Dayton,981348.0
Trey Lyles,Utah Jazz,41,PF,20,150.98,234,Kentucky,2239800.0
Shelvin Mack,Utah Jazz,8,PG,26,172.06,203,Butler,2433333.0
Jeff Withey,Utah Jazz,24,C,26,158.12,231,Kansas,947276.0
Priyanka,Utah Jazz,34,C,25,153.49,231,Kansas,947276.0
